Date,St,R,Mo,Es,N,FileName
20190706,T01,129.703916858021,305441.915170034,0.0055408737289004,70,20190706_T01_N_70.mat
20190706,T02,159.495679485731,164729.513176692,0.0505743189706762,38,20190706_T02_N_38.mat
20201024,T01_X,118.32712,138191.88617361,0.0301977697398916,33,20201024_T01_X_N_33.mat
20221112,T01,120.397906492141,693481.506259853,0.0034504110417321,36,20221112_T01_N_36.mat
20190706,T02,87.2169040639378,704582.540355303,0.023799721238308,42,20190706_T02_N_42.mat
20190706,T02,90.7281799454117,331495.298524628,0.0113433941964324,71,20190706_T02_N_71.mat
20190706,T01,88.1018119777209,2258161.2006872,0.169327980763353,29,20190706_T01_N_29.mat
20221112,T01,86.9593415123221,801332.881316033,0.035618069412577,55,20221112_T01_N_55.mat
20190706,T03,59.2937801373627,498206.080749265,0.0245480431280886,6,20190706_T03_N_06.mat
20201024,T01_Z,139.45927,512122.367327978,0.295359500871217,27,20201024_T01_Z_N_27.mat
20221112,T03,180.266755156976,240382.964173975,0.0042886917567683,1,20221112_T03_N_01.mat
20201024,T01_Y,146.20785,640387.618890338,0.460102910413057,36,20201024_T01_Y_N_36.mat
20190706,T02,148.507525630283,375054.541805202,0.0205472353608477,47,20190706_T02_N_47.mat
20190706,T02,98.8505112880839,296311.176702972,0.0146701101877216,80,20190706_T02_N_80.mat
20190706,T01,134.193505966857,679869.862819659,0.0066161399568597,7,20190706_T01_N_07.mat
20231216,T53,105.441144863156,8079000.01976836,4.09458821737674,30,20231216_T53_N_30.mat
20221112,T03,142.842089006437,508254.661928249,0.0008689483496459,59,20221112_T03_N_59.mat
20190706,T01,146.423586431949,266740.521307836,0.0078881009730607,74,20190706_T01_N_74.mat
20221112,T04,149.426606505547,289012.509459153,0.0255517852135322,58,20221112_T04_N_58.mat
20231216,T53,86.6403269978195,1327518.99040196,0.137021490731783,29,20231216_T53_N_29.mat
20221112,T01,190.53890753075,960986.215148842,0.0010185706236385,17,20221112_T01_N_17.mat
20190706,T02,70.286287351916,238770.657241115,0.0035566957242288,52,20190706_T02_N_52.mat
20190706,T03,124.923469357159,746107.118636394,0.111256126613761,47,20190706_T03_N_47.mat
20190706,T03,43.0579088313904,671545.219131554,0.0363967450408602,33,20190706_T03_N_33.mat
20201024,T01_Y,130.89717,169850.067979945,0.0467170605863463,25,20201024_T01_Y_N_25.mat
20201024,T01_Y,192.10553,1635336.91256455,1.51617771905758,43,20201024_T01_Y_N_43.mat
20190706,T02,64.4548574290797,782210.364433332,0.0817936497973709,39,20190706_T02_N_39.mat
20221112,T01,211.046278627788,917092.456908705,0.0031432903314911,19,20221112_T01_N_19.mat
20231118,T02,157.623105720577,964070.042027105,2.31581036300745,32,20231118_T02_N_32.mat
20231118,T01,197.096265626725,957562.440734239,0.0695216499264868,13,20231118_T01_N_13.mat
20190706,T01,136.809449068762,371680.726239326,0.0050877324617426,42,20190706_T01_N_42.mat
20221112,T03,189.199969963243,648273.019840675,0.0160335708543619,57,20221112_T03_N_57.mat
20190706,T02,97.7542694496622,346163.625820248,0.0115850341397861,15,20190706_T02_N_15.mat
20201024,T01_Z,96.920703,169297.001464505,0.0214006776623114,29,20201024_T01_Z_N_29.mat
20190706,T01,189.815132079341,493240.297725139,0.018989652640082,57,20190706_T01_N_57.mat
20201024,T01_X,83.680816,325053.735474364,0.100907683239961,21,20201024_T01_X_N_21.mat
20201024,T01_Y,116.50243,239042.756800749,0.0597992260431186,2,20201024_T01_Y_N_02.mat
20231118,T02,184.234333002837,895074.683512017,0.0530617854668411,6,20231118_T02_N_06.mat
20190706,T01,153.492951987668,291095.255549065,0.009697902897012,25,20190706_T01_N_25.mat
20201024,T01_Y,96.443898,136000.916309894,0.0166171862638417,6,20201024_T01_Y_N_06.mat
20231118,T02,196.883725729173,1908527.95833878,0.0856036310541099,52,20231118_T02_N_52.mat
20201024,T01_Z,149.5409,3988275.40669325,15.7477489053774,42,20201024_T01_Z_N_42.mat
20190706,T01,126.047191962836,206683.051745885,0.0027868664942529,52,20190706_T01_N_52.mat
20221112,T04,261.454726094989,801466.18550532,0.0054199862452923,47,20221112_T04_N_47.mat
20231118,T10,162.188162330054,197928.284399641,0.0211578125812157,18,20231118_T10_N_18.mat
20231118,T02,192.706729143017,1178651.97246625,0.024708838424003,38,20231118_T02_N_38.mat
20190706,T03,164.372044262233,2533610.19023536,0.553326733775338,77,20190706_T03_N_77.mat
20231216,T53,102.596231413322,2425995.08400451,0.268135025084837,25,20231216_T53_N_25.mat
20221112,T04,211.479969963236,1027443.49600169,0.0081863816199993,57,20221112_T04_N_57.mat
20231118,T10,217.451143938127,4205817.30817722,0.230501405476958,12,20231118_T10_N_12.mat
20201024,T01_Y,145.58107,422680.883768703,0.0959909170315161,7,20201024_T01_Y_N_07.mat
20190706,T01,171.752187941802,442438.886795939,0.0384266289307795,19,20190706_T01_N_19.mat
20231118,T01,153.72979517322,940257.390665774,0.0009038147895031,23,20231118_T01_N_23.mat
20201024,T01_X,155.47609,1624808.65903484,0.0492552270083457,38,20201024_T01_X_N_38.mat
20190706,T01,167.329553692202,402259.218968812,0.0146445181508837,84,20190706_T01_N_84.mat
20190706,T01,137.644617088867,266870.265057227,0.0023162424645022,62,20190706_T01_N_62.mat
20190706,T03,46.2786910673953,720610.101470076,0.128494140327434,85,20190706_T03_N_85.mat
20201024,T01_X,97.934471,182381.860656712,0.026566145995719,4,20201024_T01_X_N_04.mat
20201024,T01_Y,112.7533,450465.963592412,0.143375061066975,13,20201024_T01_Y_N_13.mat
20231216,T53,105.156249912326,1196119.36529415,0.0782173050049593,13,20231216_T53_N_13.mat
20190706,T01,164.746551075615,686536.836861075,0.0183747296476438,13,20190706_T01_N_13.mat
20190706,T02,80.565997784096,146098.305866246,0.0052306896280069,89,20190706_T02_N_89.mat
20221112,T01,212.746583204628,1812238.49204541,0.163541042799764,51,20221112_T01_N_51.mat
20221112,T03,206.808358886618,432316.595569713,0.0013181318740122,62,20221112_T03_N_62.mat
20190706,T03,88.960324564836,3023412.09248965,0.306140264426413,36,20190706_T03_N_36.mat
20221112,T03,119.662324649915,200410.698975256,0.0048916509110716,9,20221112_T03_N_09.mat
20231118,T01,95.9465576453902,23362434.9445553,5.03743208873387,56,20231118_T01_N_56.mat
20221112,T03,182.702272114923,526245.302204123,0.0005643585645872,23,20221112_T03_N_23.mat
20201024,T01_Z,191.79856,279225.013163026,0.0584066196215089,12,20201024_T01_Z_N_12.mat
20221112,T04,261.454726094989,636627.220323645,0.0099773939286059,42,20221112_T04_N_42.mat
20221112,T03,180.586284577957,493967.734977291,0.0064783454176418,56,20221112_T03_N_56.mat
20190706,T02,65.906593131124,281572.506631796,0.007318679606399,83,20190706_T02_N_83.mat
20221112,T04,172.539361293455,333715.895408827,0.0005762907867474,44,20221112_T04_N_44.mat
20231216,T53,101.843003944747,1816434.44446202,0.186595743347815,15,20231216_T53_N_15.mat
20190706,T02,81.3682471134318,570780.650745838,0.0238284271426876,70,20190706_T02_N_70.mat
20190706,T03,93.5012994298603,1044774.23273407,0.124080406423394,61,20190706_T03_N_61.mat
20221112,T04,379.595636657283,4632441.23675745,0.23874082224858,16,20221112_T04_N_16.mat
20231118,T03,277.162351297935,84961651.2113601,2.52181963849012,46,20231118_T03_N_46.mat
20190706,T01,123.261631608849,214073.994740015,0.0045515812886666,75,20190706_T01_N_75.mat
20190706,T02,85.4613544793983,2075693.89455175,0.049750650957191,20,20190706_T02_N_20.mat
20221112,T03,158.675826871664,554703.976760791,0.0049238069032295,6,20221112_T03_N_06.mat
20231216,T53,95.4031786878943,1267715.42724815,0.0667777574158746,39,20231216_T53_N_39.mat
20190706,T02,194.603692995939,793377.190328987,0.0900145221567136,11,20190706_T02_N_11.mat
20190706,T02,104.748087006731,3685618.77767984,0.243644591477305,21,20190706_T02_N_21.mat
20231118,T01,208.474626571198,403219.857513563,0.0070873401367907,51,20231118_T01_N_51.mat
20190706,T01,148.952404680368,2462328.90231002,0.144450976523148,93,20190706_T01_N_93.mat
20221112,T04,142.848228351015,219464.139092735,0.0011422753571574,41,20221112_T04_N_41.mat
20190706,T01,121.037888748183,172956.882994398,0.0025427255151708,90,20190706_T01_N_90.mat
20201024,T01_Y,126.56489,456498.266654858,0.0499529649603793,11,20201024_T01_Y_N_11.mat
20231216,T53,102.317941559602,2006776.18455455,0.032077368240214,1,20231216_T53_N_01.mat
20231118,T10,206.932356097349,4002368.85000596,0.0999141728125332,19,20231118_T10_N_19.mat
20231118,T10,143.377125093231,2202767.06875615,0.0109748020817785,36,20231118_T10_N_36.mat
20221112,T03,204.199208064894,1829659.40063267,0.264857330216724,53,20221112_T03_N_53.mat
20221112,T03,143.856606505564,182354.565489904,0.0022120932090649,58,20221112_T03_N_58.mat
20190706,T02,120.9902869297,8109582.20142769,0.319297966658998,1,20190706_T02_N_01.mat
20190706,T01,180.359523270769,489287.330591743,0.0118304739743524,12,20190706_T01_N_12.mat
20201024,T01_Z,90.392512,135383.201174034,0.017790155538547,39,20201024_T01_Z_N_39.mat
20190706,T01,142.829328491043,511278.086670683,0.0093706040343594,44,20190706_T01_N_44.mat
20190706,T01,193.649881573878,629792.993555226,0.0145413997791917,43,20190706_T01_N_43.mat
20201024,T01_Y,97.934471,182381.860656712,0.026566145995719,4,20201024_T01_Y_N_04.mat
20190706,T02,99.9139640170201,313893.548815828,0.0114819307860681,74,20190706_T02_N_74.mat
20231118,T03,103.164504443146,630984.95413814,0.0538085692173999,38,20231118_T03_N_38.mat
20231118,T02,234.455623641234,28612075.436629,0.900274910715069,46,20231118_T02_N_46.mat
20231118,T01,205.983402059487,631423.780291689,0.587355051940758,61,20231118_T01_N_61.mat
20221112,T01,63.8365038908578,901459.924613947,0.0096604317529718,60,20221112_T01_N_60.mat
20190706,T02,71.1093464905381,259121.719988185,0.0184869080748387,85,20190706_T02_N_85.mat
20221112,T04,206.863588413839,317813.807458078,0.0056565026545824,28,20221112_T04_N_28.mat
20221112,T04,234.62727166845,360468.399075023,0.0040943352664092,37,20221112_T04_N_37.mat
20190706,T02,125.690628532248,535904.830181129,0.0316781129174211,84,20190706_T02_N_84.mat
20221112,T04,184.681799830206,225378.666821832,0.0012762772222122,52,20221112_T04_N_52.mat
20231118,T02,196.142360180049,952928.03518199,0.0587878442625306,31,20231118_T02_N_31.mat
20231118,T10,203.199409447961,494778.874875886,0.0216403261818828,39,20231118_T10_N_39.mat
20190706,T03,65.0549584437074,1703441.84870069,0.529442195420059,70,20190706_T03_N_70.mat
20231118,T01,195.884532120329,1508303.88902993,0.0037365618603199,7,20231118_T01_N_07.mat
20201024,T01_Y,114.60952,284608.253971403,0.0482428626211829,10,20201024_T01_Y_N_10.mat
20221112,T03,238.56319538552,426417.420649012,0.0252601759689214,61,20221112_T03_N_61.mat
20190706,T01,109.450892675369,324420.61534563,0.004557288800316,16,20190706_T01_N_16.mat
20190706,T01,134.436838328786,1973314.91679195,0.030240340574866,4,20190706_T01_N_04.mat
20201024,T01_Z,131.8083,294025.531449557,0.187649223669704,19,20201024_T01_Z_N_19.mat
20190706,T03,114.022849434214,833935.051331646,0.102968803052498,69,20190706_T03_N_69.mat
20221112,T01,143.636929039051,643716.31982469,0.0011036410246783,15,20221112_T01_N_15.mat
20221112,T01,134.36727166845,1435050.54429706,0.208288704182206,37,20221112_T01_N_37.mat
20231118,T02,183.470868142602,3548589.99040272,0.0147225891664263,37,20231118_T02_N_37.mat
20190706,T03,24.1973786117407,7917293.1792726,0.345332617128288,35,20190706_T03_N_35.mat
20221112,T03,174.736882698335,262553.959682166,0.001089391318118,2,20221112_T03_N_02.mat
20221112,T01,279.335636657283,18442080.7352085,2.73670004209784,16,20221112_T01_N_16.mat
20221112,T04,296.296583204627,1143445.18650576,0.0044883358688615,35,20221112_T04_N_35.mat
20201024,T01_X,192.10553,1635336.91256455,1.51617771905758,43,20201024_T01_X_N_43.mat
20221112,T03,119.52613673615,252727.067572432,0.0028710578002205,64,20221112_T03_N_64.mat
20190706,T01,133.925638601866,621138.84439662,0.0246148022763406,10,20190706_T01_N_10.mat
20190706,T03,55.7765834982825,415019.962792091,0.0308350283614843,62,20190706_T03_N_62.mat
20190706,T01,137.549492740151,242616.863139943,0.0023197687248076,23,20190706_T01_N_23.mat
20201024,T01_Y,101.14636,1542459.50533842,0.728324966609756,31,20201024_T01_Y_N_31.mat
20190706,T03,104.789922188263,710856.36382492,0.0689947669755457,34,20190706_T03_N_34.mat
20221112,T04,132.964900409618,813253.085834208,0.00226625761378,49,20221112_T04_N_49.mat
20231118,T03,182.837520703492,888288.481904619,0.0945602018826998,25,20231118_T03_N_25.mat
20231216,T53,98.4678804081705,6834115.88632793,1.00795325464715,33,20231216_T53_N_33.mat
20231118,T02,190.951254138328,736904.523299611,0.156508181294843,60,20231118_T02_N_60.mat
20201024,T01_Y,127.25732,369954.145094733,0.0250136871070213,15,20201024_T01_Y_N_15.mat
20231118,T03,121.20216572735,1174895.08614872,0.632728430441505,51,20231118_T03_N_51.mat
20231118,T02,188.776125230391,2900252.26656273,0.578828250745613,57,20231118_T02_N_57.mat
20190706,T03,64.4016791128549,239895.548604674,0.0145547029682532,16,20190706_T03_N_16.mat
20190706,T03,202.061017941473,1957932.08608337,0.409435169082347,50,20190706_T03_N_50.mat
20190706,T01,156.905423796193,428154.072316481,0.0065680125866044,94,20190706_T01_N_94.mat
20231118,T03,64.7323642160546,9945123.39992412,128.967711342981,12,20231118_T03_N_12.mat
20221112,T01,139.412682124331,7744593.08333137,0.631401524049441,4,20221112_T01_N_04.mat
20221112,T04,234.62727166845,453802.827744308,0.0028088628437068,11,20221112_T04_N_11.mat
20201024,T01_X,133.79375,347290.099295005,0.160027048438576,3,20201024_T01_X_N_03.mat
20190706,T02,66.3666055494523,619928.647087455,0.0094041079916498,91,20190706_T02_N_91.mat
20231216,T53,91.1931961892448,12896655.2240357,8.80832867673364,43,20231216_T53_N_43.mat
20221112,T01,199.57319538552,1071112.13308757,0.0187781479649994,43,20221112_T01_N_43.mat
20190706,T02,95.3013273331197,1258503.24111135,0.120467078084638,60,20190706_T02_N_60.mat
20190706,T01,189.949496673095,1007617.30010419,0.129253074793322,76,20190706_T01_N_76.mat
20231118,T01,215.065864153288,659265.25922778,0.0192546679255254,41,20231118_T01_N_41.mat
20221112,T03,164.096503890858,358877.659955428,0.0013858197383585,60,20221112_T03_N_60.mat
20190706,T03,47.1662435563561,553297.892703932,0.0447886962495975,90,20190706_T03_N_90.mat
20190706,T01,163.951192311301,291977.992127173,0.0050518469684262,69,20190706_T01_N_69.mat
20221112,T04,201.427739097259,389590.165450363,0.0009209458403239,10,20221112_T04_N_10.mat
20190706,T03,105.637346160016,7696497.59333281,0.63350069266417,1,20190706_T03_N_01.mat
20190706,T03,106.763844515977,1511715.41599639,0.341735485542883,84,20190706_T03_N_84.mat
20231118,T10,169.248338248858,653150.284764182,0.0383232863867641,59,20231118_T10_N_59.mat
20221112,T04,196.976755156976,380981.323502956,0.00253363862774,1,20221112_T04_N_01.mat
20190706,T03,75.7334995942837,494949.305254499,0.0503263265629382,49,20190706_T03_N_49.mat
20190706,T01,130.688676674557,210732.975638069,0.0020874301132143,89,20190706_T01_N_89.mat
20231118,T03,78.6243663058719,1520708.12167258,0.291730660166869,16,20231118_T03_N_16.mat
20190706,T02,96.8936638895736,423279.828624674,0.0155358176725693,24,20190706_T02_N_24.mat
20190706,T02,436.342431966016,2429938.04385545,0.49416148184358,32,20190706_T02_N_32.mat
20231118,T02,180.53858716906,3491875.46663607,1.23737611828234,54,20231118_T02_N_54.mat
20201024,T01_X,78.206675,572404.540492203,0.454056106605349,8,20201024_T01_X_N_08.mat
20190706,T03,98.4530606761632,1510883.99971676,0.219581673553421,51,20190706_T03_N_51.mat
20190706,T01,161.017596856154,7038183.30115322,0.272380404844181,1,20190706_T01_N_01.mat
20231216,T53,102.823625659444,694726.213811825,0.0192445832283471,40,20231216_T53_N_40.mat
20221112,T01,20.0391549300763,3294216.97575978,0.0802929585820476,31,20221112_T01_N_31.mat
20231118,T03,102.205513437387,786978.796790423,0.0953077957739509,35,20231118_T03_N_35.mat
20201024,T01_Z,90.014516,521837.248292475,0.326221160514031,26,20201024_T01_Z_N_26.mat
20221112,T03,142.848228351015,219464.139092735,0.0008836517346297,41,20221112_T03_N_41.mat
20190706,T02,55.8712446961076,300314.341444052,0.0058533544968919,33,20190706_T02_N_33.mat
20190706,T03,47.0153275364173,1268217.63150003,0.056434326427071,91,20190706_T03_N_91.mat
20231118,T02,157.517394141092,4828555.47951094,4.44216829891523,12,20231118_T02_N_12.mat
20190706,T02,94.4052614268545,328839.835045743,0.0087798278469919,23,20190706_T02_N_23.mat
20190706,T03,102.096768193444,1042519.52054706,0.143403401588314,41,20190706_T03_N_41.mat
20231118,T02,187.040774851368,455433.529006265,0.0843477087866903,7,20231118_T02_N_07.mat
20231118,T02,190.116078901812,4629217.17491231,0.0909868770850798,29,20231118_T02_N_29.mat
20221112,T03,119.045668416442,588383.884729999,0.0054805485491795,5,20221112_T03_N_05.mat
20221112,T03,231.430757362748,406902.095487287,0.0059401469229244,20,20221112_T03_N_20.mat
20190706,T03,84.4200271410015,1253721.37636972,0.176669721240885,87,20190706_T03_N_87.mat
20201024,T01_X,98.557886,142028.271450927,0.0200198357430763,37,20201024_T01_X_N_37.mat
20221112,T04,149.910309344459,289948.060192559,0.0010679907830583,50,20221112_T04_N_50.mat
20190706,T02,110.862046864129,731153.578912399,0.0594826064685135,51,20190706_T02_N_51.mat
20231118,T01,197.040751937259,760404.648988258,0.0027289924315024,15,20231118_T01_N_15.mat
20221112,T04,200.682682124327,1545249.47239397,0.117451311617798,4,20221112_T04_N_04.mat
20231118,T10,179.359973238178,1738658.29826298,0.0042015535734161,6,20231118_T10_N_06.mat
20231118,T01,197.787284535686,606299.311723591,0.0054244384244032,24,20231118_T01_N_24.mat
20201024,T01_Y,102.32094,427866.760180042,0.207673074225608,44,20201024_T01_Y_N_44.mat
20190706,T03,86.9328823596975,967870.677646437,0.0914533081568646,81,20190706_T03_N_81.mat
20231118,T01,235.831910317498,910104.530266452,0.0110774790082188,26,20231118_T01_N_26.mat
20201024,T01_X,90.014516,521837.248292475,0.326221160514031,26,20201024_T01_X_N_26.mat
20221112,T01,206.997739097259,617458.80107208,0.0008807885964781,10,20221112_T01_N_10.mat
20201024,T01_X,96.920703,169297.001464505,0.0214006776623114,29,20201024_T01_X_N_29.mat
20201024,T01_Y,96.920703,169297.001464505,0.0214006776623114,29,20201024_T01_Y_N_29.mat
20190706,T01,190.498649976395,450434.136203724,0.0363152305360214,47,20190706_T01_N_47.mat
20201024,T01_Y,110.20199,1351785.76063597,1.11154417012541,24,20201024_T01_Y_N_24.mat
20201024,T01_Z,116.50243,239042.756800749,0.0597992260431186,2,20201024_T01_Z_N_02.mat
20231216,T53,134.546623921973,2081137.65862471,0.0418666448313318,4,20231216_T53_N_04.mat
20190706,T03,79.5660041952239,944913.480773599,0.152630342686887,74,20190706_T03_N_74.mat
20190706,T03,67.8616434612053,2035098.26092455,0.181344329999541,8,20190706_T03_N_08.mat
20231216,T53,82.0942939769292,7020687.08851114,3.56256133880873,49,20231216_T53_N_49.mat
20231118,T03,103.617628698016,5034106.00518821,8.34760916925095,9,20231118_T03_N_09.mat
20190706,T02,46.8391501072568,373355.150518014,0.031711874627739,14,20190706_T02_N_14.mat
20190706,T01,141.640524149886,711867.599950435,0.0216027808997083,60,20190706_T01_N_60.mat
20231118,T10,174.942847810363,1695840.09506588,0.0019556555647583,35,20231118_T10_N_35.mat
20221112,T03,257.306583204627,721465.138436336,0.0094270198513023,35,20221112_T03_N_35.mat
20190706,T02,79.7028456937196,477145.22119964,0.006285877801281,7,20190706_T02_N_07.mat
20221112,T01,285.97952345974,1768242.37894299,0.0091990720144727,30,20221112_T01_N_30.mat
20231118,T03,190.628657281637,14678338.4081507,0.563791300803323,29,20231118_T03_N_29.mat
20231118,T03,137.947914000176,1062194.00234327,2.29974232626893,58,20231118_T03_N_58.mat
20231118,T02,129.541126508148,15808707.9603118,1.31280298081415,50,20231118_T02_N_50.mat
20190706,T02,153.459537599857,2174398.26543594,0.627879610877772,76,20190706_T02_N_76.mat
20190706,T02,110.14488102323,337009.206815779,0.0198814257060705,86,20190706_T02_N_86.mat
20201024,T01_X,128.70743,302408.709678682,0.262913945181823,23,20201024_T01_X_N_23.mat
20231216,T53,169.128154957189,3922384.13553418,1.02567136860591,26,20231216_T53_N_26.mat
20190706,T01,207.681223913757,758397.616371268,0.0213028471114967,58,20190706_T01_N_58.mat
20231216,T53,98.0111379567988,2124410.31102291,0.0418651625505141,18,20231216_T53_N_18.mat
20190706,T02,132.29063184993,3171528.39367136,0.569109557337527,56,20190706_T02_N_56.mat
20190706,T02,108.784483766057,826766.75041311,0.0331984548667733,31,20190706_T02_N_31.mat
20231118,T02,193.181555685319,470385.977146425,0.0472687238365375,24,20231118_T02_N_24.mat
20231118,T03,69.6965922911583,850550.788818816,1.19852852877772,32,20231118_T03_N_32.mat
20190706,T02,95.7525750675304,883583.285439513,0.0600253389495481,92,20190706_T02_N_92.mat
20221112,T04,232.437551139733,8970052.78087743,0.0094199192940555,39,20221112_T04_N_39.mat
20190706,T01,150.674211685027,387528.056119358,0.0153000311150423,51,20190706_T01_N_51.mat
20201024,T01_Y,177.68609,334084.992393884,0.323740776850755,16,20201024_T01_Y_N_16.mat
20221112,T01,207.456574241644,4214141.2754596,0.019357113569744,33,20221112_T01_N_33.mat
20231216,T53,97.9350524074881,845099.293508939,0.0461612261829799,38,20231216_T53_N_38.mat
20221112,T03,125.290918424475,452365.512177476,0.0014390309199851,46,20221112_T03_N_46.mat
20201024,T01_X,144.16011,2300435.04996087,2.65433927422512,40,20201024_T01_X_N_40.mat
20201024,T01_Y,129.50712,296705.035802593,0.060765807026672,28,20201024_T01_Y_N_28.mat
20231118,T10,173.968387932981,671365.540684464,0.0190500568746246,30,20231118_T10_N_30.mat
20190706,T02,91.1197519190947,228045.213866766,0.0155560884882801,49,20190706_T02_N_49.mat
20221112,T01,133.499969963264,1027443.49600169,0.0451597803628305,57,20221112_T01_N_57.mat
20201024,T01_Z,101.69604,493802.989395491,0.131517206787643,1,20201024_T01_Z_N_01.mat
20221112,T04,137.20819806595,265380.35339735,0.0009728736060061,27,20221112_T04_N_27.mat
20190706,T02,104.948865961306,301912.315272428,0.050619663124543,48,20190706_T02_N_48.mat
20201024,T01_Z,95.962047,436754.318242114,0.0530135124654045,30,20201024_T01_Z_N_30.mat
20221112,T03,340.605636657283,5831897.99159715,0.312556865377429,16,20221112_T03_N_16.mat
20190706,T03,137.186988696312,7777377.07734308,8.43166514804405,76,20190706_T03_N_76.mat
20201024,T01_X,90.392512,135383.201174034,0.017790155538547,39,20201024_T01_X_N_39.mat
20190706,T01,129.324687262152,1331620.81722253,0.0242590356281974,20,20190706_T01_N_20.mat
20190706,T02,96.5104597590284,580943.565128806,0.101139116447923,79,20190706_T02_N_79.mat
20231118,T02,173.229505157176,6685141.00602882,0.964744500374262,47,20231118_T02_N_47.mat
20201024,T01_X,101.14636,1542459.50533842,0.728324966609756,31,20201024_T01_X_N_31.mat
20201024,T01_Z,83.680816,325053.735474364,0.100907683239961,21,20201024_T01_Z_N_21.mat
20231118,T02,194.233188351013,1187988.25337556,0.0992702793885812,28,20231118_T02_N_28.mat
20201024,T01_Z,155.47609,1624808.65903484,0.0492552270083457,38,20201024_T01_Z_N_38.mat
20221112,T04,174.622977518944,425196.906718506,0.0015891149813092,3,20221112_T04_N_03.mat
20190706,T01,114.488034868291,1065760.82045868,0.0406589747245201,39,20190706_T01_N_39.mat
20190706,T02,68.1858550064624,166547.620050263,0.0053552276395183,82,20190706_T02_N_82.mat
20190706,T03,158.595189091965,2051517.61612456,0.333776982332691,58,20190706_T03_N_58.mat
20231118,T02,189.05220828385,4603312.53725617,0.358864980246291,63,20231118_T02_N_63.mat
20221112,T04,147.570918424475,359326.69873808,0.0023102835882742,46,20221112_T04_N_46.mat
20231118,T01,199.074875170124,385039.38882564,0.047454675124186,59,20231118_T01_N_59.mat
20231118,T03,179.824500491451,873650.178235854,0.143661308180009,23,20231118_T03_N_23.mat
20190706,T02,114.298431586231,408474.007393501,0.0209728307429982,61,20190706_T02_N_61.mat
20201024,T01_X,96.443898,136000.916309894,0.0166171862638417,6,20201024_T01_X_N_06.mat
20221112,T03,161.050309344504,289948.060192559,0.0018687760792433,50,20221112_T03_N_50.mat
20190706,T01,118.131641708157,206789.78071283,0.0038747011372607,18,20190706_T01_N_18.mat
20190706,T02,123.741510286655,359819.833974914,0.00945656436654,34,20190706_T02_N_34.mat
20201024,T01_X,81.150853,744220.398896985,0.340755705637316,41,20201024_T01_X_N_41.mat
20190706,T03,43.0302471681287,457620.569048238,0.0150360887024541,68,20190706_T03_N_68.mat
20231216,T53,89.8933965964747,2223948.17525899,0.367946627695053,8,20231216_T53_N_08.mat
20231216,T53,115.006525454796,1059119.61431457,0.0299241954625908,16,20231216_T53_N_16.mat
20190706,T03,139.325456578237,4550722.30702205,0.577176524998789,3,20190706_T03_N_03.mat
20190706,T02,89.1859240895396,238256.248215667,0.0186730233739593,22,20190706_T02_N_22.mat
20231118,T02,192.703345733799,2960587.91627692,0.0747320626747995,48,20231118_T02_N_48.mat
20190706,T02,102.072471179488,435918.022658063,0.037609286154889,87,20190706_T02_N_87.mat
20201024,T01_X,135.45968,879204.664871874,0.289192538142516,20,20201024_T01_X_N_20.mat
20231118,T02,189.6095341933,1459986.62949675,1.07778118846846,9,20231118_T02_N_09.mat
20231118,T01,215.605403281088,1318707.10992681,0.0023989204883073,20,20231118_T01_N_20.mat
20231118,T01,194.537775056672,750745.351418615,0.0570908648565068,31,20231118_T01_N_31.mat
20221112,T04,147.386503890858,451800.205843114,0.0010980734363696,60,20221112_T04_N_60.mat
20221112,T04,271.23795119474,1317768.62306301,0.0175879870186187,40,20221112_T04_N_40.mat
20221112,T03,198.827951194747,3310085.12414104,0.191156769267691,40,20221112_T03_N_40.mat
20231216,T53,83.0989951854092,435156.105575857,0.0059551772028141,34,20231216_T53_N_34.mat
20190706,T01,194.563281059302,699823.112328271,0.034988305120703,46,20190706_T01_N_46.mat
20231118,T10,80.5232885567896,2468369.72074881,0.0485621816696638,3,20231118_T10_N_03.mat
20190706,T02,71.3068892052991,150691.152463321,0.0010520408197261,64,20190706_T02_N_64.mat
20231118,T01,180.231756147468,6955366.53826268,0.352223347269651,50,20231118_T01_N_50.mat
20190706,T02,89.8086434208807,497836.634876177,0.0666773096690133,78,20190706_T02_N_78.mat
20190706,T01,320.450849793597,1142992.7776044,0.0365069276561639,17,20190706_T01_N_17.mat
20221112,T03,216.922453737109,305508.43951082,0.0018754040990543,34,20221112_T03_N_34.mat
20190706,T01,136.686730723203,251174.963445571,0.0020338848160592,49,20190706_T01_N_49.mat
20231216,T53,90.3817150259724,3408597.04781173,0.0863742466561733,22,20231216_T53_N_22.mat
20231118,T03,43.6547932877934,13381988.2233376,2.03258350529717,63,20231118_T03_N_63.mat
20221112,T03,384.941155282545,537741.76023689,0.0133085694477504,38,20221112_T03_N_38.mat
20221112,T04,277.55319538552,850814.609867207,0.011894420022448,61,20221112_T04_N_61.mat
20221112,T03,152.342977518944,268281.111144301,0.0035176982631788,3,20221112_T03_N_03.mat
20201024,T01_X,116.50243,239042.756800749,0.0597992260431186,2,20201024_T01_X_N_02.mat
20221112,T04,250.342453737109,767402.503918895,0.0014226095861089,34,20221112_T04_N_34.mat
20190706,T03,144.737226351119,1164484.17115149,0.236664533057659,38,20190706_T03_N_38.mat
20190706,T01,110.530823553223,187026.399407652,0.0018463831394324,27,20190706_T01_N_27.mat
20231118,T02,179.789436444414,1099645.94820421,0.0441150240675381,20,20231118_T02_N_20.mat
20221112,T01,110.901958939488,457617.407477742,0.0013336099946929,24,20221112_T01_N_24.mat
20201024,T01_Y,90.392512,135383.201174034,0.017790155538547,39,20201024_T01_Y_N_39.mat
20190706,T03,65.5996406765931,2374672.07568815,0.569838729275757,42,20190706_T03_N_42.mat
20190706,T01,194.249456088338,417393.936495374,0.0156501412321362,38,20190706_T01_N_38.mat
20231216,T53,95.8592600385212,67327500.8889892,30.9149177418357,17,20231216_T53_N_17.mat
20201024,T01_Z,104.0865,359884.54386427,0.235391182727024,5,20201024_T01_Z_N_05.mat
20221112,T01,130.45628457796,621868.534169318,0.026609085729672,56,20221112_T01_N_56.mat
20231216,T53,99.3842839967127,3982208.17739328,1.60335027375404,19,20231216_T53_N_19.mat
20231118,T03,176.467325522318,42968778.8027996,1.45978077342101,17,20231118_T03_N_17.mat
20231118,T01,198.292697606342,383526.545123721,0.0103547102079436,33,20231118_T01_N_33.mat
20190706,T03,49.9806673792666,585586.037574882,0.0267649601854375,7,20190706_T03_N_07.mat
20231118,T03,193.438194204247,9397902.53176297,0.743862966278717,19,20231118_T03_N_19.mat
20231118,T03,109.448147435212,531737.295268633,0.426551060644369,28,20231118_T03_N_28.mat
20221112,T03,148.425795375966,319396.33602915,0.0060568270930964,26,20221112_T03_N_26.mat
20231216,T53,103.940168822089,4805748.37668909,0.743452380316994,21,20231216_T53_N_21.mat
20231118,T03,157.367439379942,1211723.65298166,0.702148551161957,1,20231118_T03_N_01.mat
20231216,T53,103.538336702194,2095309.06581873,0.388007431711131,20,20231216_T53_N_20.mat
20190706,T02,126.626119763252,337006.002144232,0.0123826865797802,69,20190706_T02_N_69.mat
20231216,T53,179.474465963802,4465468.14398567,1.78862402343195,41,20231216_T53_N_41.mat
20190706,T02,200.519013857305,763147.184172412,0.0569609663962834,59,20190706_T02_N_59.mat
20221112,T04,202.866284577956,621868.534169318,0.0032032813095892,56,20221112_T04_N_56.mat
20231118,T01,206.835156402388,634034.757398083,0.0226927123324221,9,20231118_T01_N_09.mat
20231118,T01,197.562956861858,481054.43701251,0.0020635374242806,60,20231118_T01_N_60.mat
20190706,T02,72.7752449989997,251146.47843254,0.0049253024431204,18,20190706_T02_N_18.mat
20190706,T03,54.9891209218968,2029906.48248091,0.290645245698885,39,20190706_T03_N_39.mat
20221112,T04,223.518358886618,432316.595569713,0.0040812244226939,62,20221112_T04_N_62.mat
20190706,T02,96.6688847505634,1027340.32321203,0.093947536930558,10,20190706_T02_N_10.mat
20221112,T01,115.361552616713,681643.022812509,0.0047816165848141,8,20221112_T01_N_08.mat
20221112,T01,125.255826871664,879146.556599285,0.0039887016836563,6,20221112_T01_N_06.mat
20221112,T04,234.62727166845,571303.911791361,0.0040164604976515,45,20221112_T04_N_45.mat
20190706,T02,140.360650445151,537584.00992923,0.0191302694977935,26,20190706_T02_N_26.mat
20190706,T01,136.296126027858,397805.520284631,0.0162454144481823,54,20190706_T01_N_54.mat
20190706,T02,173.901587032195,654920.443694466,0.0460685393475349,58,20190706_T02_N_58.mat
20201024,T01_Z,111.75672,475538.160140862,0.0817911664152104,34,20201024_T01_Z_N_34.mat
20231118,T10,216.233669903648,52651654.9412563,1.3311810197439,62,20231118_T10_N_62.mat
20190706,T03,75.5189992680873,4201390.2090112,0.506898790741929,20,20190706_T03_N_20.mat
20231118,T03,136.130367578288,1319604.30726247,0.684832356944926,11,20231118_T03_N_11.mat
20231118,T02,109.230533538018,10588459.0709307,0.067634370179602,5,20231118_T02_N_05.mat
20190706,T01,129.636880009729,314013.424775531,0.0044926156401486,9,20190706_T01_N_09.mat
20231118,T02,177.801292056611,13690635.875159,4.12088448852607,45,20231118_T02_N_45.mat
20190706,T01,156.812927601742,283724.862205341,0.0140514224015146,37,20190706_T01_N_37.mat
20221112,T01,182.307551139733,14216575.5884295,0.0582630671408145,39,20221112_T01_N_39.mat
20190706,T03,53.6448074119722,624754.027683291,0.0316142436116673,66,20190706_T03_N_66.mat
20201024,T01_X,216.00488,565570.501328491,0.645447858311394,22,20201024_T01_X_N_22.mat
20231118,T01,196.423180719589,301773.740928409,0.014257735006313,52,20231118_T01_N_52.mat
20221112,T04,363.95952345974,559167.337269442,0.0028971311631921,30,20221112_T04_N_30.mat
20231118,T01,197.662120609894,1208960.62828098,0.01367092682872,18,20231118_T01_N_18.mat
20231118,T01,191.820264633329,931929.786698468,0.0022773695161384,27,20231118_T01_N_27.mat
20190706,T03,56.9197917413234,659959.813614817,0.0494596554305935,75,20190706_T03_N_75.mat
20201024,T01_X,177.68609,334084.992393884,0.323740776850755,16,20201024_T01_X_N_16.mat
20221112,T01,118.996755156976,603814.706074661,0.0610500389087218,1,20221112_T01_N_01.mat
20190706,T02,149.783153753344,610429.066402791,0.0298070797438114,57,20190706_T02_N_57.mat
20231216,T53,101.640755655631,8783957.17529212,0.309091805959636,5,20231216_T53_N_05.mat
20231216,T53,94.8126536547457,813826.831469013,0.039477981027689,28,20231216_T53_N_28.mat
20221112,T04,164.222324649915,200410.698975256,0.0005280211246887,9,20221112_T04_N_09.mat
20221112,T03,217.91727166845,286330.227111152,0.000797156808292,11,20221112_T03_N_11.mat
20190706,T02,89.230159510122,799770.282046643,0.0534163793404922,54,20190706_T02_N_54.mat
20190706,T02,249.303157916454,966993.729323114,0.151334587242595,53,20190706_T02_N_53.mat
20231118,T01,202.822695781316,985383.436825103,0.0043932229790708,28,20231118_T01_N_28.mat
20231118,T10,231.043285987713,1779025.03590969,0.0833077549121817,34,20231118_T10_N_34.mat
20231118,T02,217.085465789399,2649228.72264584,0.161484682775313,36,20231118_T02_N_36.mat
20201024,T01_Y,128.70743,302408.709678682,0.262913945181823,23,20201024_T01_Y_N_23.mat
20221112,T01,71.9303093446287,728316.598240211,0.0298460659108365,50,20221112_T01_N_50.mat
20201024,T01_X,102.32094,427866.760180042,0.207673074225608,44,20201024_T01_X_N_44.mat
20190706,T02,109.112785786379,4080581.58431384,0.404374272431413,93,20190706_T02_N_93.mat
20190706,T02,110.14488102323,307057.991183705,0.0205141727282816,30,20190706_T02_N_30.mat
20231118,T03,116.738284110226,714006.248981212,0.222040448022797,18,20231118_T03_N_18.mat
20231118,T01,239.939821463633,4640780.61746064,0.474585304100468,3,20231118_T01_N_03.mat
20190706,T02,222.227102792491,858811.864705776,0.0319011526901805,50,20190706_T02_N_50.mat
20231216,T53,84.3797115462931,947697.469932695,0.0591190835470182,11,20231216_T53_N_11.mat
20190706,T03,92.6411278694172,2689479.42897197,1.03867526708948,10,20190706_T03_N_10.mat
20231118,T01,190.957539584066,1167953.40613677,0.0470258221893153,4,20231118_T01_N_04.mat
20190706,T03,80.254267992818,2022739.85810059,0.508147001242799,92,20190706_T03_N_92.mat
20201024,T01_X,191.79856,279225.013163026,0.0584066196215089,12,20201024_T01_X_N_12.mat
20201024,T01_Z,101.14636,1542459.50533842,0.728324966609756,31,20201024_T01_Z_N_31.mat
20190706,T02,124.380148443577,3091278.10448787,0.191206476283521,29,20190706_T02_N_29.mat
20190706,T02,67.3130559298677,285888.518687564,0.0184251797738447,90,20190706_T02_N_90.mat
20190706,T03,92.0901805386283,752192.692496736,0.0570868252297681,15,20190706_T03_N_15.mat
20221112,T01,157.396114376926,1575901.83165308,0.264013860492353,25,20221112_T01_N_25.mat
20190706,T03,178.753042296645,1402842.0986066,0.372633845379743,59,20190706_T03_N_59.mat
20221112,T01,41.0568826988091,330535.85181106,0.013062005173503,2,20221112_T01_N_02.mat
20231118,T03,204.132376111679,19787940.6014075,7.69742822709043,47,20231118_T03_N_47.mat
20190706,T02,105.960956312601,1682286.54129749,0.0453768464805082,36,20190706_T02_N_36.mat
20231118,T01,172.565274386246,528983.485128419,0.0285639840439591,36,20231118_T01_N_36.mat
20201024,T01_Z,118.32712,138191.88617361,0.0301977697398916,33,20201024_T01_Z_N_33.mat
20231118,T02,190.680595386631,926392.875778175,0.0818842469771177,22,20231118_T02_N_22.mat
20231118,T02,218.98182905666,423542.295590252,0.0603778322562585,11,20231118_T02_N_11.mat
20231118,T10,174.106289375197,671897.719417711,0.0140529546858219,9,20231118_T10_N_09.mat
20190706,T03,395.386997752856,7632154.30651467,2.98515739612926,32,20190706_T03_N_32.mat
20231118,T01,203.523752726802,988789.416119932,0.006381040376859,42,20231118_T01_N_42.mat
20231118,T10,141.400141442645,433449.544724529,0.0054140293954523,11,20231118_T10_N_11.mat
20231118,T01,102.555555305406,6272604.39143149,3.50323710067784,57,20231118_T01_N_57.mat
20231118,T10,211.603402619145,515242.11488726,0.0121659660329451,16,20231118_T10_N_16.mat
20231118,T01,202.015429915639,981461.457531373,0.0045298184878148,22,20231118_T01_N_22.mat
20231118,T03,112.660938115213,1092099.15349393,3.93248508896579,7,20231118_T03_N_07.mat
20231118,T02,214.615049465316,4150963.16942518,0.269813176755422,4,20231118_T02_N_04.mat
20201024,T01_Z,128.145,1002383.38405834,0.439713725966745,17,20201024_T01_Z_N_17.mat
20231216,T53,118.763293461321,2439351.14253722,0.163994965560355,23,20231216_T53_N_23.mat
20221112,T03,124.074857078089,216294.089276148,0.0005545417648839,32,20221112_T03_N_32.mat
20190706,T03,76.8057648338691,821313.239179895,0.0990569649196154,80,20190706_T03_N_80.mat
20231118,T02,190.951254138328,1167914.96247136,0.286556040423884,55,20231118_T02_N_55.mat
20221112,T01,151.163588413869,798312.190700346,0.0098996918654566,28,20221112_T01_N_28.mat
20221112,T03,116.356278627788,2900100.98879133,0.643625289109352,19,20221112_T03_N_19.mat
20190706,T02,133.001289959143,554407.070153535,0.0355081808648051,19,20190706_T02_N_19.mat
20190706,T03,115.802582865469,1166902.71507911,0.293066733592055,45,20190706_T03_N_45.mat
20231118,T03,111.263385608204,1709389.28798231,11.7213109099721,33,20231118_T03_N_33.mat
20231118,T01,189.180585483818,1456683.73978054,0.0589008744587497,2,20231118_T01_N_02.mat
20201024,T01_Z,97.934471,182381.860656712,0.026566145995719,4,20201024_T01_Z_N_04.mat
20231216,T53,96.8464777772209,1612243.87807314,0.178330884227328,32,20231216_T53_N_32.mat
20190706,T03,135.632656342642,2017565.05012239,0.370644180035188,46,20190706_T03_N_46.mat
20231118,T03,80.2071005397897,7775020.16840372,1.20457716313628,10,20231118_T03_N_10.mat
20201024,T01_X,146.20785,640387.618890338,0.460102910413057,36,20201024_T01_X_N_36.mat
20231118,T01,117.64501657104,719552.095813804,0.0252292051888581,49,20231118_T01_N_49.mat
20201024,T01_Z,81.150853,744220.398896985,0.340755705637316,41,20201024_T01_Z_N_41.mat
20231118,T03,201.492215673459,7775833.9849327,3.06178520572455,57,20231118_T03_N_57.mat
20201024,T01_Y,118.32712,138191.88617361,0.0301977697398916,33,20201024_T01_Y_N_33.mat
20190706,T03,69.2470968200618,890287.212726104,0.136891875337545,71,20190706_T03_N_71.mat
20231118,T01,120.461719745321,585245.073048877,0.0020408392139805,25,20231118_T01_N_25.mat
20231118,T01,201.82057854441,1234395.0003381,0.0048074606435433,30,20231118_T01_N_30.mat
20201024,T01_X,101.69604,493802.989395491,0.131517206787643,1,20201024_T01_X_N_01.mat
20201024,T01_Z,145.58107,422680.883768703,0.0959909170315161,7,20201024_T01_Z_N_07.mat
20201024,T01_Z,127.25732,369954.145094733,0.0250136871070213,15,20201024_T01_Z_N_15.mat
20190706,T03,90.0156292941915,2944358.92255134,1.46130836566175,37,20190706_T03_N_37.mat
20231216,T53,89.3584654575864,6375451.64243495,2.64139278379158,6,20231216_T53_N_06.mat
20231118,T02,97.8584868930645,753506.847925719,0.181480095030576,51,20231118_T02_N_51.mat
20221112,T01,81.5720890064379,1014101.37335268,0.0089108983154804,59,20221112_T01_N_59.mat
20201024,T01_Y,216.00488,565570.501328491,0.645447858311394,22,20201024_T01_Y_N_22.mat
20221112,T03,173.443588413858,252448.480649178,0.0128140988434363,28,20221112_T03_N_28.mat
20231118,T01,190.180393111383,582981.063304651,0.130686056942729,40,20231118_T01_N_40.mat
20231216,T53,93.0030868370025,1012670.58302296,0.0758863812930285,37,20231216_T53_N_37.mat
20231118,T10,164.975755794602,801509.794608886,0.0392970340786002,31,20231118_T10_N_31.mat
20231118,T03,36.8661494734665,28386803.1959924,13.0728031395222,62,20231118_T03_N_62.mat
20231118,T01,138.45415820408,10660920.6460108,0.0370989127549874,17,20231118_T01_N_17.mat
20231118,T03,91.4483295473456,704148.865704324,2.21906210835348,20,20231118_T03_N_20.mat
20231118,T01,37.6486643056572,36495412.7901347,0.404608410590529,46,20231118_T01_N_46.mat
20231118,T03,114.994047572037,3525040.14901203,1.96939323355322,13,20231118_T03_N_13.mat
20221112,T04,132.496929039051,322622.401573665,0.0012887977661735,15,20221112_T04_N_15.mat
20231216,T53,93.4537546134871,5566863.73140664,2.44925599709669,10,20231216_T53_N_10.mat
20221112,T04,226.227906492141,693481.506259853,0.0013610835233198,36,20221112_T04_N_36.mat
20190706,T01,152.779399454316,341913.814775469,0.0086695678087395,86,20190706_T01_N_86.mat
20190706,T03,76.487177349307,566081.113195723,0.05337587419313,55,20190706_T03_N_55.mat
20231118,T02,193.427928327323,1489388.1277154,0.122767439870671,40,20231118_T02_N_40.mat
20190706,T02,70.8190665249662,202457.223998731,0.0033880283417907,66,20190706_T02_N_66.mat
20221112,T03,222.464726094989,1008986.14762639,0.0089401766266878,47,20221112_T03_N_47.mat
20190706,T01,149.499159478176,1352438.66037437,0.0169027839916175,36,20190706_T01_N_36.mat
20221112,T03,162.495612702882,303516.664041957,0.0012238605383356,63,20221112_T03_N_63.mat
20190706,T02,183.649891257647,966055.603449412,0.153160293802154,77,20190706_T02_N_77.mat
20231118,T01,197.562956861858,762419.90242434,0.0098366774172987,55,20231118_T01_N_55.mat
20231118,T03,108.526259389145,332677.586054337,0.286423421265301,22,20231118_T03_N_22.mat
20231118,T03,236.845943551921,57670625.0219435,1.63020880689028,14,20231118_T03_N_14.mat
20231118,T10,169.011833905203,5180907.29696923,0.445994725058944,61,20231118_T10_N_61.mat
20190706,T02,96.1305314317295,6346445.30594196,0.164758449957339,2,20190706_T02_N_02.mat
20221112,T04,226.304751158379,693717.06674272,0.0012224369973546,22,20221112_T04_N_22.mat
20190706,T03,231.819003468474,2042222.61933563,0.519227921906332,53,20190706_T03_N_53.mat
20221112,T04,274.296574241644,3347411.40021456,0.0348754500297771,33,20221112_T04_N_33.mat
20231118,T02,188.447227246782,1152599.5853283,1.98531421937701,30,20231118_T02_N_30.mat
20221112,T01,189.044726094989,1599135.27666062,0.0100659616257621,47,20221112_T01_N_47.mat
20221112,T04,156.925612702877,382104.841265412,0.0176011105346838,12,20221112_T04_N_12.mat
20231118,T03,194.411751128886,1189080.39671319,0.195477927133429,39,20231118_T03_N_39.mat
20190706,T03,116.984252110256,1829577.1065531,0.435773363273846,19,20190706_T03_N_19.mat
20201024,T01_Z,128.70743,302408.709678682,0.262913945181823,23,20201024_T01_Z_N_23.mat
20201024,T01_Z,129.50712,296705.035802593,0.060765807026672,28,20201024_T01_Z_N_28.mat
20231118,T03,110.574603671005,1349410.54195031,0.060193418808958,15,20231118_T03_N_15.mat
20190706,T03,93.4367591348372,783428.670175931,0.089088856510509,30,20190706_T03_N_30.mat
20190706,T01,135.547960499218,1199259.99502022,0.0269536759233559,5,20190706_T01_N_05.mat
20231118,T01,239.707225431359,368272.959846112,0.0043461490239738,43,20231118_T01_N_43.mat
20231118,T03,217.342920236662,52921751.0174284,8.41075113240874,56,20231118_T03_N_56.mat
20231118,T01,208.205950741088,402700.199885601,0.0047458536705,8,20231118_T01_N_08.mat
20221112,T04,152.465668416442,371245.13344418,0.0053378851317487,5,20221112_T04_N_05.mat
20231118,T03,131.46040840116,2019685.20629084,3.04490459279379,4,20231118_T03_N_04.mat
20231118,T02,121.809759284715,373396.972352961,0.006727322160193,23,20231118_T02_N_23.mat
20190706,T02,84.7387118588525,2047740.86550823,0.0271229790370259,5,20190706_T02_N_05.mat
20231118,T03,101.346775858929,780366.548159942,1.02085316801939,6,20231118_T03_N_06.mat
20221112,T04,140.784857077895,171808.502116019,0.0003081734565279,32,20221112_T04_N_32.mat
20201024,T01_Z,98.557886,142028.271450927,0.0200198357430763,37,20201024_T01_Z_N_37.mat
20221112,T03,235.376114376926,627377.819269481,0.0019815452916931,25,20221112_T03_N_25.mat
20190706,T01,147.797554135934,257637.301111407,0.0077524462380532,48,20190706_T01_N_48.mat
20190706,T01,110.496518579059,167454.223968673,0.0020048152012537,33,20190706_T01_N_33.mat
20190706,T03,105.459818822668,3876988.92666394,1.60724854209953,13,20190706_T03_N_13.mat
20190706,T02,108.186816215035,617195.276984274,0.0617765594163545,41,20190706_T02_N_41.mat
20190706,T01,121.277601296845,142267.459956457,0.0016291812887403,28,20190706_T01_N_28.mat
20231118,T03,101.47276963304,781336.69571283,0.306144610235867,41,20231118_T03_N_41.mat
20190706,T03,136.122495132793,1954621.04348717,0.353164304448912,43,20190706_T03_N_43.mat
20221112,T03,162.495612702882,241091.85595785,0.0015930871433207,12,20221112_T03_N_12.mat
20201024,T01_Z,139.04102,226712.370617038,0.0441805927631108,9,20201024_T01_Z_N_09.mat
20201024,T01_X,145.58107,422680.883768703,0.0959909170315161,7,20201024_T01_X_N_07.mat
20221112,T01,141.325668416442,467369.932497795,0.0024856334907114,5,20221112_T01_N_05.mat
20231118,T02,227.875969459266,35009607.0736078,0.514654553835459,14,20231118_T02_N_14.mat
20201024,T01_Z,216.00488,565570.501328491,0.645447858311394,22,20201024_T01_Z_N_22.mat
20221112,T04,296.296583204627,721465.138436336,0.0072062920574761,51,20221112_T04_N_51.mat
20221112,T03,115.039903862582,1709091.89983842,0.0402588247323515,21,20221112_T03_N_21.mat
20190706,T02,130.591102116162,385595.926914961,0.09682769012385,45,20190706_T02_N_45.mat
20190706,T01,138.969528705998,246013.71596012,0.0053175894089209,63,20190706_T01_N_63.mat
20221112,T01,99.2966065056046,1823545.65489904,0.487907805062614,58,20221112_T01_N_58.mat
20231118,T01,85.9371742844747,2634327.56774344,0.0487092229100371,48,20231118_T01_N_48.mat
20190706,T02,45.1602613353812,2294346.06197602,0.0240512946251175,35,20190706_T02_N_35.mat
20231216,T53,70.2564369782884,1413066.26844662,0.0536683941701678,27,20231216_T53_N_27.mat
20221112,T03,238.56319538552,338715.396999811,0.0030177058345694,43,20221112_T03_N_43.mat
20190706,T01,119.804435062971,154324.874182165,0.0008920172618791,65,20190706_T01_N_65.mat
20190706,T01,135.858141064999,363069.871037949,0.0047980996242325,15,20190706_T01_N_15.mat
20190706,T02,96.5146682052377,286553.522184779,0.0129106238527577,63,20190706_T02_N_63.mat
20190706,T01,144.258639549754,416637.568619498,0.0561020040831805,41,20190706_T01_N_41.mat
20221112,T03,99.0769290390507,511322.047989557,0.009372059252517,15,20221112_T03_N_15.mat
20201024,T01_Z,114.60952,284608.253971403,0.0482428626211829,10,20201024_T01_Z_N_10.mat
20190706,T02,113.804513340478,88693.4911373791,0.0179306818347413,94,20190706_T02_N_94.mat
20231118,T03,107.937023198715,1317222.50983092,3.07394295475962,42,20231118_T03_N_42.mat
20190706,T03,176.457115305853,5026892.09516184,0.869817407901081,29,20190706_T03_N_29.mat
20190706,T01,279.900428629747,1728652.00009273,0.108726018385709,53,20190706_T01_N_53.mat
20201024,T01_Y,191.79856,279225.013163026,0.0584066196215089,12,20201024_T01_Y_N_12.mat
20231118,T03,118.333304597649,1444094.78656585,0.0418317210093584,27,20231118_T03_N_27.mat
20231118,T02,194.562518119498,4737485.41246809,37.6482193118622,61,20231118_T02_N_61.mat
20231118,T03,172.557871385225,6659221.82750418,3.44608257549845,3,20231118_T03_N_03.mat
20201024,T01_X,134.16289,165494.626369651,0.0398467386382729,14,20201024_T01_X_N_14.mat
20231118,T02,144.323724511946,701175.019526988,0.022639498092918,43,20231118_T02_N_43.mat
20190706,T03,52.5929837329734,295449.39919007,0.0132184644791881,64,20190706_T03_N_64.mat
20231118,T03,201.210210916345,9775494.22628845,0.23216473098703,5,20231118_T03_N_05.mat
20221112,T01,120.051570319655,2997100.44202795,0.046421627080005,48,20221112_T01_N_48.mat
20221112,T01,189.044726094989,1599135.27666062,0.072621551254581,42,20221112_T01_N_42.mat
20231216,T53,97.6736583740091,2531878.89543346,0.406046347417313,46,20231216_T53_N_46.mat
20190706,T03,46.0702525537066,410155.935881598,0.0375169226400108,82,20190706_T03_N_82.mat
20190706,T03,45.6819587138089,950939.350801994,0.104671161905909,14,20190706_T03_N_14.mat
20190706,T02,68.7229966354076,157623.587791143,0.0022543532357671,68,20190706_T02_N_68.mat
20221112,T04,234.62727166845,453802.827744308,0.003868014557301,14,20221112_T04_N_14.mat
20231118,T03,104.706308200604,1014989.51157689,1.2980660518357,8,20231118_T03_N_08.mat
20201024,T01_Z,88.586292,302509.054016343,0.175262064708715,32,20201024_T01_Z_N_32.mat
20231118,T02,196.315998983782,757607.737639851,0.100769240111356,44,20231118_T02_N_44.mat
20221112,T01,78.9456127028977,1915060.683494,0.190021406806217,63,20221112_T01_N_63.mat
20231118,T03,131.441184478077,8039335.83623901,2.73537277856448,50,20231118_T03_N_50.mat
20190706,T02,140.383497956345,407099.552507257,0.044029145634414,12,20190706_T02_N_12.mat
20221112,T04,94.1919589394992,576106.183153095,0.0012096523104054,24,20221112_T04_N_24.mat
20201024,T01_Z,135.45968,879204.664871874,0.289192538142516,20,20201024_T01_Z_N_20.mat
20190706,T01,144.123283550392,4915531.33732737,0.132523314907873,2,20190706_T01_N_02.mat
20231118,T10,167.107749670684,1022080.96022207,0.0972735466319933,40,20231118_T10_N_40.mat
20221112,T04,264.850757362748,512259.388121242,0.0045311677633201,20,20221112_T04_N_20.mat
20190706,T01,134.305833090618,391705.885840591,0.0047535020499516,81,20190706_T01_N_81.mat
20190706,T03,66.8072979985302,436129.081978151,0.0297054488598065,18,20190706_T03_N_18.mat
20190706,T01,106.349215708814,837269.927630006,0.0042405798284551,35,20190706_T01_N_35.mat
20231118,T03,175.747765211965,4279357.00058206,1.94580211432868,54,20231118_T03_N_54.mat
20221112,T03,204.999154925703,827469.892385951,0.0058309717083506,31,20221112_T03_N_31.mat
20221112,T01,134.36727166845,1139901.16559161,0.255679310178585,14,20221112_T01_N_14.mat
20221112,T01,92.7182283510145,347827.220037415,0.0030187621895642,41,20221112_T01_N_41.mat
20201024,T01_Y,81.150853,744220.398896985,0.340755705637316,41,20201024_T01_Y_N_41.mat
20190706,T01,140.387698649358,587090.106670306,0.011815323330244,92,20190706_T01_N_92.mat
20201024,T01_Y,134.16289,165494.626369651,0.0398467386382729,14,20201024_T01_Y_N_14.mat
20221112,T04,216.122272114923,332038.33842389,0.0008473936954559,23,20221112_T04_N_23.mat
20201024,T01_Y,135.45968,879204.664871874,0.289192538142516,20,20201024_T01_Y_N_20.mat
20231118,T03,112.712186461801,1731647.86519548,12.110259736604,55,20231118_T03_N_55.mat
20190706,T03,71.822199420526,2088544.61618525,0.434832834265272,54,20190706_T03_N_54.mat
20190706,T01,100.648558750586,260857.78839181,0.00663422956791,14,20190706_T01_N_14.mat
20201024,T01_X,111.75672,475538.160140862,0.0817911664152104,34,20201024_T01_X_N_34.mat
20221112,T04,131.702089006436,639854.709564326,0.0015632461725197,59,20221112_T04_N_59.mat
20201024,T01_Z,65.125943,586174.084094714,0.0472681950733864,18,20201024_T01_Z_N_18.mat
20190706,T03,93.4367591348372,754207.478067744,0.128593672653029,86,20190706_T03_N_86.mat
20190706,T02,84.400643704904,769046.45320746,0.0493529499651276,73,20190706_T02_N_73.mat
20231216,T53,101.11760734379,5529118.47256226,2.09290540185506,47,20231216_T53_N_47.mat
20231118,T01,106.56608242776,10330175.6897767,1.35911680660699,47,20231118_T01_N_47.mat
20221112,T03,76.4677730868954,740242.046068776,0.182318873100582,7,20221112_T03_N_07.mat
20231216,T53,71.4917771789429,978081.556644413,0.0460966584252398,31,20231216_T53_N_31.mat
20221112,T03,103.78819806595,265380.35339735,0.0021036552920941,27,20221112_T03_N_27.mat
20190706,T03,110.37617898466,8074661.20800869,9.53019463114336,56,20190706_T03_N_56.mat
20221112,T04,257.656114376926,627377.819269481,0.0049311377779644,25,20221112_T04_N_25.mat
20221112,T04,176.30990386257,429304.475340706,0.0028838405732983,21,20221112_T04_N_21.mat
20231118,T02,146.33540055981,1785821.74948105,0.11725621324547,26,20231118_T02_N_26.mat
20190706,T03,74.260416564592,4958873.19966424,0.247066220113799,2,20190706_T03_N_02.mat
20231118,T03,106.749496378203,8219673.02861478,15.2023229933875,61,20231118_T03_N_61.mat
20231118,T02,199.863642158848,971007.321681652,0.0913441645413085,41,20231118_T02_N_41.mat
20221112,T01,128.828358886618,1367105.11229015,0.2001432436099,62,20221112_T01_N_62.mat
20231118,T02,106.964253173666,260451.804367864,0.0578489774371126,21,20231118_T02_N_21.mat
20221112,T03,229.736574241644,6678963.81954531,0.136847678757018,33,20221112_T03_N_33.mat
20190706,T01,237.149550786642,723577.323072373,0.0212106721240922,59,20190706_T01_N_59.mat
20221112,T01,199.57319538552,1348450.28322499,0.188974276850951,61,20221112_T01_N_61.mat
20221112,T04,188.766278627787,1154550.99896712,0.010923879108246,19,20221112_T04_N_19.mat
20231118,T03,68.5819143579409,1326472.68352209,0.12992169405444,26,20231118_T03_N_26.mat
20190706,T03,45.338402179143,320877.972100101,0.0126289677344575,65,20190706_T03_N_65.mat
20190706,T01,127.432098961389,289192.761140052,0.0044684970919089,22,20190706_T01_N_22.mat
20201024,T01_X,88.586292,302509.054016343,0.175262064708715,32,20201024_T01_X_N_32.mat
20221112,T01,125.290918424475,569494.438699508,0.0008120333469666,46,20221112_T01_N_46.mat
20190706,T02,102.629089268678,495128.188359622,0.0283146004691378,67,20190706_T02_N_67.mat
20190706,T03,60.9303089582431,395028.003994826,0.0337643088187389,89,20190706_T03_N_89.mat
20190706,T03,67.5675606710809,4287852.67658959,1.9604137333032,4,20190706_T03_N_04.mat
20201024,T01_Z,177.68609,334084.992393884,0.323740776850755,16,20201024_T01_Z_N_16.mat
20231118,T10,214.755675128738,415368.307164542,0.0443560006900881,32,20231118_T10_N_32.mat
20201024,T01_Z,102.32094,427866.760180042,0.207673074225608,44,20201024_T01_Z_N_44.mat
20221112,T03,217.91727166845,286330.227111151,0.0012745095965691,14,20221112_T03_N_14.mat
20201024,T01_Y,65.125943,586174.084094714,0.0472681950733864,18,20201024_T01_Y_N_18.mat
20231118,T03,221.783721172226,2149900.56183648,0.208068065287206,48,20231118_T03_N_48.mat
20201024,T01_X,139.45927,512122.367327978,0.295359500871217,27,20201024_T01_X_N_27.mat
20231118,T01,276.795184069377,8484909.93663392,0.13609788578734,62,20231118_T01_N_62.mat
20190706,T02,111.563144797148,467594.525122631,0.0402396107225574,37,20190706_T02_N_37.mat
20231118,T02,222.143636994176,2710956.72636561,0.445793290436232,2,20231118_T02_N_02.mat
20190706,T02,82.3657175915921,648175.831522049,0.0076983428506148,6,20190706_T02_N_06.mat
20201024,T01_Z,133.79375,347290.099295005,0.160027048438576,3,20201024_T01_Z_N_03.mat
20190706,T01,293.272150615626,945347.3832224,0.0661661833541353,88,20190706_T01_N_88.mat
20221112,T01,134.36727166845,1435050.54429707,0.238070005279658,45,20221112_T01_N_45.mat
20201024,T01_Y,104.0865,359884.54386427,0.235391182727024,5,20201024_T01_Y_N_05.mat
20190706,T03,55.2237432359827,439242.760281987,0.0175313828352301,27,20190706_T03_N_27.mat
20221112,T01,165.209208064894,4595896.62273315,1.40677667232275,53,20221112_T01_N_53.mat
20190706,T02,67.8083177812023,189705.287456075,0.0017228621613072,28,20190706_T02_N_28.mat
20231118,T01,227.688449254679,8786779.06128343,9.54638830830601,10,20231118_T01_N_10.mat
20190706,T01,145.361261860131,2835805.01105476,0.0900893452142441,21,20190706_T01_N_21.mat
20231118,T02,192.407087855412,1865132.86049721,0.334774051132601,42,20231118_T02_N_42.mat
20190706,T01,115.350731161577,149598.360054158,0.00157446713799,72,20190706_T01_N_72.mat
20190706,T02,123.409012901449,1144049.5902386,0.0667392821834885,13,20190706_T02_N_13.mat
20190706,T03,54.2374032323776,846486.656074501,0.0642797933377794,83,20190706_T03_N_83.mat
20231216,T53,87.4971240617093,1552365.84094328,0.0731612629516722,42,20231216_T53_N_42.mat
20221112,T01,159.464751158379,693717.06674272,0.0083553599917533,22,20221112_T01_N_22.mat
20190706,T02,77.2531897636387,495187.522881219,0.0151604980865959,9,20190706_T02_N_09.mat
